{
	"hotSpots": [
		{
			"x": 292,
			"y": 119
		},
		{
			"x": 334,
			"y": 135
		},
		{
			"x": 375,
			"y": 153
		},
		{
			"x": 266,
			"y": 231
		},
		{
			"x": 219,
			"y": 217
		},
		{
			"x": 150,
			"y": 227
		},
		{
			"x": 155,
			"y": 280
		},
		{
			"x": 82,
			"y": 461
		},
		{
			"x": 52,
			"y": 482
		},
		{
			"x": 29,
			"y": 424
		},
		{
			"x": 50,
			"y": 369
		},
		{
			"x": 55,
			"y": 330
		},
		{
			"x": 60,
			"y": 283
		},
		{
			"x": 51,
			"y": 194
		},
		{
			"x": 445,
			"y": 363
		},
		{
			"x": 465,
			"y": 350
		},
		{
			"x": 485,
			"y": 337
		},
		{
			"x": 546,
			"y": 310
		},
		{
			"x": 567,
			"y": 295
		},
		{
			"x": 544,
			"y": 379
		},
		{
			"x": 543,
			"y": 83
		},
		{
			"x": 484,
			"y": 77
		},
		{
			"x": 442,
			"y": 59
		},
		{
			"x": 506,
			"y": 12
		},
		{
			"x": 131,
			"y": 64
		},
		{
			"x": 63,
			"y": 110
		},
		{
			"x": 479,
			"y": 184
		},
		{
			"x": 200,
			"y": 135
		},
		{
			"x": 378,
			"y": 251
		},
		{
			"x": 383,
			"y": 294
		},
		{
			"x": 443,
			"y": 317
		},
		{
			"x": 304,
			"y": 295
		},
		{
			"x": 574,
			"y": 71
		}
	]
}